{"cameraMode":{"drawMode":0,"name":"Shaded","section":"Shading Mode"},"sceneLighting":false,"audioPlay":false,"sceneViewState":{"m_AlwaysRefresh":false,"showFog":true,"showSkybox":false,"showFlares":true,"showImageEffects":true,"showParticleSystems":true,"showVisualEffectGraphs":true,"m_FxEnabled":true},"in2DMode":false,"pivot":{"x":-0.041582345962524417,"y":0.19773507118225099,"z":0.5677003860473633},"rotation":{"x":-0.0991656631231308,"y":0.7231172919273377,"z":-0.10619097948074341,"w":-0.6752749085426331},"size":5.196152210235596,"orthographic":false}